van007,14.589523,120.974147,2025-05-12T17:46:00Z
van007,14.588637,120.974243,2025-05-12T17:46:30Z
van007,14.587896,120.974303,2025-05-12T17:47:00Z
van007,14.587057,120.974509,2025-05-12T17:47:30Z
van007,14.586153,120.974555,2025-05-12T17:48:00Z
van007,14.585398,120.97462,2025-05-12T17:48:30Z
van007,14.58452,120.974771,2025-05-12T17:49:00Z
van007,14.583636,120.974832,2025-05-12T17:49:30Z
van007,14.582777,120.974861,2025-05-12T17:50:00Z
van007,14.58203,120.974939,2025-05-12T17:50:30Z
van007,14.58121,120.975038,2025-05-12T17:51:00Z
van007,14.580355,120.975096,2025-05-12T17:51:30Z
van007,14.579551,120.975256,2025-05-12T17:52:00Z
van007,14.578725,120.975304,2025-05-12T17:52:30Z
van007,14.577771,120.975387,2025-05-12T17:53:00Z
van007,14.576947,120.975425,2025-05-12T17:53:30Z
van007,14.576216,120.975569,2025-05-12T17:54:00Z
van007,14.575263,120.975683,2025-05-12T17:54:30Z
van007,14.574443,120.975749,2025-05-12T17:55:00Z
van007,14.573678,120.975765,2025-05-12T17:55:30Z
van007,14.572873,120.975899,2025-05-12T17:56:00Z
van007,14.572023,120.975922,2025-05-12T17:56:30Z
van007,14.57116,120.976085,2025-05-12T17:57:00Z
van007,14.57037,120.976133,2025-05-12T17:57:30Z
van007,14.569549,120.976196,2025-05-12T17:58:00Z
van007,14.568712,120.976233,2025-05-12T17:58:30Z
van007,14.56776,120.976457,2025-05-12T17:59:00Z
van007,14.566978,120.976547,2025-05-12T17:59:30Z
van007,14.566162,120.976519,2025-05-12T18:00:00Z
van007,14.565373,120.976597,2025-05-12T18:00:30Z
van007,14.564519,120.976733,2025-05-12T18:01:00Z
van007,14.56365,120.976792,2025-05-12T18:01:30Z
van007,14.562777,120.976873,2025-05-12T18:02:00Z
van007,14.561976,120.97698,2025-05-12T18:02:30Z
van007,14.561212,120.977003,2025-05-12T18:03:00Z
van007,14.560358,120.977142,2025-05-12T18:03:30Z
van007,14.559456,120.977292,2025-05-12T18:04:00Z
van007,14.55865,120.977302,2025-05-12T18:04:30Z
van007,14.557756,120.977358,2025-05-12T18:05:00Z
van007,14.557035,120.977448,2025-05-12T18:05:30Z
van007,14.556127,120.977579,2025-05-12T18:06:00Z
van007,14.55528,120.9776,2025-05-12T18:06:30Z
van007,14.554519,120.977718,2025-05-12T18:07:00Z
van007,14.553659,120.97782,2025-05-12T18:07:30Z
van007,14.552768,120.977932,2025-05-12T18:08:00Z
van007,14.552036,120.978036,2025-05-12T18:08:30Z
van007,14.551133,120.978094,2025-05-12T18:09:00Z
van007,14.550343,120.978107,2025-05-12T18:09:30Z
van007,14.549498,120.978192,2025-05-12T18:10:00Z
van007,14.548692,120.978323,2025-05-12T18:10:30Z
van007,14.547819,120.978415,2025-05-12T18:11:00Z
van007,14.546897,120.978428,2025-05-12T18:11:30Z
van007,14.546194,120.978629,2025-05-12T18:12:00Z
van007,14.545334,120.978687,2025-05-12T18:12:30Z
van007,14.544511,120.978733,2025-05-12T18:13:00Z
van007,14.543658,120.97879,2025-05-12T18:13:30Z
van007,14.542795,120.978841,2025-05-12T18:14:00Z
van007,14.541977,120.97898,2025-05-12T18:14:30Z
van007,14.541143,120.979107,2025-05-12T18:15:00Z
van007,14.54029,120.979164,2025-05-12T18:15:30Z
van007,14.539465,120.979178,2025-05-12T18:16:00Z
van007,14.538628,120.979263,2025-05-12T18:16:30Z
van007,14.537859,120.979386,2025-05-12T18:17:00Z
van007,14.537001,120.979432,2025-05-12T18:17:30Z
van007,14.536166,120.979614,2025-05-12T18:18:00Z
van007,14.535231,120.979733,2025-05-12T18:18:30Z
van007,14.534403,120.979696,2025-05-12T18:19:00Z
van007,14.533624,120.979795,2025-05-12T18:19:30Z
van007,14.532752,120.979971,2025-05-12T18:20:00Z
van007,14.531933,120.979993,2025-05-12T18:20:30Z
van007,14.531127,120.980079,2025-05-12T18:21:00Z
van007,14.530244,120.98025,2025-05-12T18:21:30Z
van007,14.5295,120.980289,2025-05-12T18:22:00Z
van007,14.528667,120.980368,2025-05-12T18:22:30Z
van007,14.527723,120.980468,2025-05-12T18:23:00Z
van007,14.526955,120.980496,2025-05-12T18:23:30Z
van007,14.526043,120.980532,2025-05-12T18:24:00Z
van007,14.525279,120.980633,2025-05-12T18:24:30Z
van007,14.524486,120.980757,2025-05-12T18:25:00Z
van007,14.523663,120.98086,2025-05-12T18:25:30Z
van007,14.522781,120.980875,2025-05-12T18:26:00Z
van007,14.521902,120.980951,2025-05-12T18:26:30Z
van007,14.521165,120.981158,2025-05-12T18:27:00Z
van007,14.52021,120.981184,2025-05-12T18:27:30Z
van007,14.519502,120.981208,2025-05-12T18:28:00Z
van007,14.518616,120.981415,2025-05-12T18:28:30Z
van007,14.517835,120.98137,2025-05-12T18:29:00Z
van007,14.517005,120.981496,2025-05-12T18:29:30Z
van007,14.516141,120.981621,2025-05-12T18:30:00Z
van007,14.515256,120.981724,2025-05-12T18:30:30Z
van007,14.514388,120.981714,2025-05-12T18:31:00Z
van007,14.513651,120.981822,2025-05-12T18:31:30Z
van007,14.512826,120.981928,2025-05-12T18:32:00Z
van007,14.511972,120.982004,2025-05-12T18:32:30Z
van007,14.511171,120.98206,2025-05-12T18:33:00Z
van007,14.510267,120.982231,2025-05-12T18:33:30Z
van007,14.509369,120.982352,2025-05-12T18:34:00Z
van007,14.508647,120.982357,2025-05-12T18:34:30Z
van007,14.507803,120.982426,2025-05-12T18:35:00Z
van007,14.506916,120.982602,2025-05-12T18:35:30Z
van007,14.506029,120.982659,2025-05-12T18:36:00Z
van007,14.505333,120.982669,2025-05-12T18:36:30Z
van007,14.504408,120.982785,2025-05-12T18:37:00Z
van007,14.503585,120.982937,2025-05-12T18:37:30Z
van007,14.502784,120.982982,2025-05-12T18:38:00Z
van007,14.501943,120.982978,2025-05-12T18:38:30Z
van007,14.501123,120.983168,2025-05-12T18:39:00Z
van007,14.500209,120.983146,2025-05-12T18:39:30Z
van007,14.499444,120.983323,2025-05-12T18:40:00Z
van007,14.498564,120.983412,2025-05-12T18:40:30Z
van007,14.497685,120.983402,2025-05-12T18:41:00Z
van007,14.496902,120.983516,2025-05-12T18:41:30Z
van007,14.496035,120.983594,2025-05-12T18:42:00Z
van007,14.495247,120.983666,2025-05-12T18:42:30Z
van007,14.494407,120.983805,2025-05-12T18:43:00Z
van007,14.493565,120.983811,2025-05-12T18:43:30Z
van007,14.492766,120.983905,2025-05-12T18:44:00Z
van007,14.491902,120.984023,2025-05-12T18:44:30Z
van007,14.491068,120.984103,2025-05-12T18:45:00Z
van007,14.490308,120.984156,2025-05-12T18:45:30Z
van007,14.489485,120.984362,2025-05-12T18:46:00Z
van007,14.488534,120.984397,2025-05-12T18:46:30Z
van007,14.487696,120.984453,2025-05-12T18:47:00Z
van007,14.486913,120.984525,2025-05-12T18:47:30Z
van007,14.48607,120.984574,2025-05-12T18:48:00Z
van007,14.485243,120.984711,2025-05-12T18:48:30Z
van007,14.484376,120.984744,2025-05-12T18:49:00Z
van007,14.483596,120.984854,2025-05-12T18:49:30Z
van007,14.4827,120.98499,2025-05-12T18:50:00Z
van007,14.481882,120.985001,2025-05-12T18:50:30Z
van007,14.481051,120.985211,2025-05-12T18:51:00Z
van007,14.480285,120.985246,2025-05-12T18:51:30Z
van007,14.479384,120.985287,2025-05-12T18:52:00Z
van007,14.478625,120.985443,2025-05-12T18:52:30Z
van007,14.477687,120.985551,2025-05-12T18:53:00Z
van007,14.47697,120.985538,2025-05-12T18:53:30Z
van007,14.476045,120.985605,2025-05-12T18:54:00Z
van007,14.475305,120.985802,2025-05-12T18:54:30Z
van007,14.474431,120.985786,2025-05-12T18:55:00Z
van007,14.47358,120.9859,2025-05-12T18:55:30Z
van007,14.472717,120.985948,2025-05-12T18:56:00Z
van007,14.471886,120.986117,2025-05-12T18:56:30Z
van007,14.471076,120.986097,2025-05-12T18:57:00Z
van007,14.47024,120.986252,2025-05-12T18:57:30Z
van007,14.469406,120.98635,2025-05-12T18:58:00Z
van007,14.46856,120.986474,2025-05-12T18:58:30Z
van007,14.467722,120.986522,2025-05-12T18:59:00Z
van007,14.466925,120.986544,2025-05-12T18:59:30Z
van007,14.466106,120.986707,2025-05-12T19:00:00Z
van007,14.465229,120.98673,2025-05-12T19:00:30Z
van007,14.464358,120.986847,2025-05-12T19:01:00Z
van007,14.463592,120.986935,2025-05-12T19:01:30Z
van007,14.462666,120.987039,2025-05-12T19:02:00Z
van007,14.46189,120.987153,2025-05-12T19:02:30Z
van007,14.46106,120.98715,2025-05-12T19:03:00Z
van007,14.460252,120.987311,2025-05-12T19:03:30Z
van007,14.459433,120.987339,2025-05-12T19:04:00Z
van007,14.458614,120.987396,2025-05-12T19:04:30Z
van007,14.457743,120.987507,2025-05-12T19:05:00Z
van007,14.456927,120.987524,2025-05-12T19:05:30Z
van007,14.456034,120.987693,2025-05-12T19:06:00Z
van007,14.455155,120.987775,2025-05-12T19:06:30Z
van007,14.454412,120.98791,2025-05-12T19:07:00Z
van007,14.453589,120.987907,2025-05-12T19:07:30Z
van007,14.452708,120.988075,2025-05-12T19:08:00Z
van007,14.45185,120.988018,2025-05-12T19:08:30Z
van007,14.451053,120.988176,2025-05-12T19:09:00Z
van007,14.450227,120.988271,2025-05-12T19:09:30Z
van007,14.449367,120.988335,2025-05-12T19:10:00Z
van007,14.448561,120.988468,2025-05-12T19:10:30Z
van007,14.447692,120.988511,2025-05-12T19:11:00Z
van007,14.446823,120.988525,2025-05-12T19:11:30Z
van007,14.446113,120.988667,2025-05-12T19:12:00Z
van007,14.445276,120.988707,2025-05-12T19:12:30Z
van007,14.444351,120.988795,2025-05-12T19:13:00Z
van007,14.443502,120.988926,2025-05-12T19:13:30Z
van007,14.442707,120.989014,2025-05-12T19:14:00Z
van007,14.441904,120.989091,2025-05-12T19:14:30Z
van007,14.441013,120.989158,2025-05-12T19:15:00Z
van007,14.440153,120.989315,2025-05-12T19:15:30Z
van007,14.439395,120.989405,2025-05-12T19:16:00Z
van007,14.438492,120.989464,2025-05-12T19:16:30Z
van007,14.437669,120.989593,2025-05-12T19:17:00Z
van007,14.436823,120.989557,2025-05-12T19:17:30Z
van007,14.436104,120.989699,2025-05-12T19:18:00Z
van007,14.43519,120.989734,2025-05-12T19:18:30Z
van007,14.43439,120.989811,2025-05-12T19:19:00Z
van007,14.433468,120.989932,2025-05-12T19:19:30Z
van007,14.432658,120.990044,2025-05-12T19:20:00Z
van007,14.431852,120.990125,2025-05-12T19:20:30Z
van007,14.430991,120.990225,2025-05-12T19:21:00Z
van007,14.430244,120.990317,2025-05-12T19:21:30Z
van007,14.429308,120.990298,2025-05-12T19:22:00Z
van007,14.428486,120.990503,2025-05-12T19:22:30Z
van007,14.427691,120.990506,2025-05-12T19:23:00Z
van007,14.426916,120.990581,2025-05-12T19:23:30Z
van007,14.426049,120.990704,2025-05-12T19:24:00Z
van007,14.425211,120.990799,2025-05-12T19:24:30Z
van007,14.424339,120.990881,2025-05-12T19:25:00Z
van007,14.423544,120.991004,2025-05-12T19:25:30Z
van007,14.422723,120.991083,2025-05-12T19:26:00Z
van007,14.421876,120.991091,2025-05-12T19:26:30Z
van007,14.420972,120.991144,2025-05-12T19:27:00Z
van007,14.420163,120.991233,2025-05-12T19:27:30Z
van007,14.419385,120.991326,2025-05-12T19:28:00Z
van007,14.418511,120.991459,2025-05-12T19:28:30Z
van007,14.417672,120.991488,2025-05-12T19:29:00Z
van007,14.416874,120.991579,2025-05-12T19:29:30Z
van007,14.416042,120.991739,2025-05-12T19:30:00Z
van007,14.415195,120.991869,2025-05-12T19:30:30Z
van007,14.414301,120.991877,2025-05-12T19:31:00Z
van007,14.413512,120.991935,2025-05-12T19:31:30Z
van007,14.412665,120.991981,2025-05-12T19:32:00Z
van007,14.411798,120.992058,2025-05-12T19:32:30Z
van007,14.411083,120.992262,2025-05-12T19:33:00Z
van007,14.410182,120.9923,2025-05-12T19:33:30Z
van007,14.409337,120.992411,2025-05-12T19:34:00Z
van007,14.408513,120.992518,2025-05-12T19:34:30Z
van007,14.407613,120.99249,2025-05-12T19:35:00Z
van007,14.406817,120.992675,2025-05-12T19:35:30Z
van007,14.406018,120.992687,2025-05-12T19:36:00Z
van007,14.405172,120.992755,2025-05-12T19:36:30Z
van007,14.404383,120.992925,2025-05-12T19:37:00Z
van007,14.403455,120.99298,2025-05-12T19:37:30Z
van007,14.402716,120.993,2025-05-12T19:38:00Z
van007,14.401823,120.993189,2025-05-12T19:38:30Z
van007,14.400942,120.993274,2025-05-12T19:39:00Z
van007,14.400181,120.993342,2025-05-12T19:39:30Z
van007,14.399283,120.993467,2025-05-12T19:40:00Z
van007,14.398542,120.993527,2025-05-12T19:40:30Z
van007,14.397744,120.993532,2025-05-12T19:41:00Z
van007,14.396816,120.993639,2025-05-12T19:41:30Z
van007,14.395995,120.993778,2025-05-12T19:42:00Z
van007,14.39521,120.993888,2025-05-12T19:42:30Z
van007,14.394381,120.99386,2025-05-12T19:43:00Z
van007,14.393481,120.993996,2025-05-12T19:43:30Z
van007,14.392687,120.994099,2025-05-12T19:44:00Z
van007,14.391782,120.994102,2025-05-12T19:44:30Z
van007,14.390958,120.994192,2025-05-12T19:45:00Z
van007,14.390144,120.994255,2025-05-12T19:45:30Z
van007,14.389337,120.994372,2025-05-12T19:46:00Z
van007,14.388527,120.994462,2025-05-12T19:46:30Z
van007,14.38763,120.994541,2025-05-12T19:47:00Z
van007,14.3869,120.99471,2025-05-12T19:47:30Z
van007,14.385937,120.994768,2025-05-12T19:48:00Z
van007,14.385203,120.994894,2025-05-12T19:48:30Z
van007,14.384398,120.994972,2025-05-12T19:49:00Z
van007,14.38344,120.995048,2025-05-12T19:49:30Z
van007,14.382624,120.995132,2025-05-12T19:50:00Z
van007,14.381873,120.995193,2025-05-12T19:50:30Z
van007,14.381017,120.995285,2025-05-12T19:51:00Z
van007,14.380169,120.995329,2025-05-12T19:51:30Z
van007,14.379311,120.99538,2025-05-12T19:52:00Z
van007,14.378509,120.995491,2025-05-12T19:52:30Z
van007,14.377597,120.995639,2025-05-12T19:53:00Z
van007,14.376789,120.995669,2025-05-12T19:53:30Z
van007,14.375968,120.995816,2025-05-12T19:54:00Z
van007,14.375128,120.995902,2025-05-12T19:54:30Z
van007,14.374359,120.995846,2025-05-12T19:55:00Z
van007,14.373518,120.996038,2025-05-12T19:55:30Z
van007,14.372675,120.996082,2025-05-12T19:56:00Z
van007,14.371754,120.996151,2025-05-12T19:56:30Z
van007,14.370942,120.996261,2025-05-12T19:57:00Z
van007,14.370108,120.99633,2025-05-12T19:57:30Z
van007,14.369362,120.99639,2025-05-12T19:58:00Z
van007,14.368492,120.996485,2025-05-12T19:58:30Z
van007,14.367645,120.996603,2025-05-12T19:59:00Z
van007,14.366839,120.996654,2025-05-12T19:59:30Z
van007,14.365921,120.996694,2025-05-12T20:00:00Z
van007,14.365139,120.996888,2025-05-12T20:00:30Z
van007,14.364362,120.996874,2025-05-12T20:01:00Z
van007,14.363405,120.997005,2025-05-12T20:01:30Z
van007,14.3626,120.997166,2025-05-12T20:02:00Z
van007,14.361756,120.99721,2025-05-12T20:02:30Z
van007,14.360926,120.997289,2025-05-12T20:03:00Z
van007,14.360108,120.997415,2025-05-12T20:03:30Z
van007,14.359271,120.997458,2025-05-12T20:04:00Z
van007,14.358531,120.9975,2025-05-12T20:04:30Z
van007,14.357624,120.997554,2025-05-12T20:05:00Z
van007,14.356833,120.997658,2025-05-12T20:05:30Z
van007,14.355993,120.997732,2025-05-12T20:06:00Z
van007,14.355065,120.997886,2025-05-12T20:06:30Z
van007,14.35425,120.997936,2025-05-12T20:07:00Z
van007,14.353494,120.997983,2025-05-12T20:07:30Z
van007,14.352662,120.998035,2025-05-12T20:08:00Z
van007,14.351871,120.99824,2025-05-12T20:08:30Z
van007,14.350913,120.998265,2025-05-12T20:09:00Z
van007,14.350115,120.998297,2025-05-12T20:09:30Z
van007,14.349241,120.998479,2025-05-12T20:10:00Z
van007,14.348519,120.998502,2025-05-12T20:10:30Z
van007,14.347669,120.99856,2025-05-12T20:11:00Z
van007,14.346743,120.998735,2025-05-12T20:11:30Z
van007,14.345911,120.998855,2025-05-12T20:12:00Z
van007,14.345057,120.99887,2025-05-12T20:12:30Z
van007,14.344285,120.998972,2025-05-12T20:13:00Z
van007,14.343478,120.999067,2025-05-12T20:13:30Z
van007,14.342613,120.999067,2025-05-12T20:14:00Z
van007,14.341844,120.99923,2025-05-12T20:14:30Z
van007,14.3409,120.999226,2025-05-12T20:15:00Z
van007,14.340137,120.999409,2025-05-12T20:15:30Z
van007,14.339356,120.999438,2025-05-12T20:16:00Z
van007,14.338404,120.999512,2025-05-12T20:16:30Z
van007,14.337562,120.99959,2025-05-12T20:17:00Z
van007,14.336802,120.999716,2025-05-12T20:17:30Z
van007,14.335994,120.999808,2025-05-12T20:18:00Z
van007,14.33517,120.999904,2025-05-12T20:18:30Z
van007,14.334257,120.999984,2025-05-12T20:19:00Z
van007,14.333453,121.000047,2025-05-12T20:19:30Z
van007,14.332588,121.000166,2025-05-12T20:20:00Z
van007,14.331841,121.000147,2025-05-12T20:20:30Z
van007,14.330949,121.000365,2025-05-12T20:21:00Z
van007,14.330115,121.000324,2025-05-12T20:21:30Z
van007,14.329285,121.000479,2025-05-12T20:22:00Z
van007,14.328517,121.000621,2025-05-12T20:22:30Z
van007,14.32756,121.000698,2025-05-12T20:23:00Z
van007,14.326789,121.000772,2025-05-12T20:23:30Z
van007,14.325972,121.000782,2025-05-12T20:24:00Z
van007,14.325177,121.000925,2025-05-12T20:24:30Z
van007,14.324208,121.001011,2025-05-12T20:25:00Z
van007,14.323409,121.000991,2025-05-12T20:25:30Z
van007,14.322546,121.001071,2025-05-12T20:26:00Z
van007,14.321776,121.001266,2025-05-12T20:26:30Z
van007,14.320941,121.001326,2025-05-12T20:27:00Z
van007,14.320136,121.001379,2025-05-12T20:27:30Z
van007,14.319278,121.001414,2025-05-12T20:28:00Z
van007,14.318407,121.001577,2025-05-12T20:28:30Z
van007,14.317607,121.001616,2025-05-12T20:29:00Z
van007,14.316815,121.001684,2025-05-12T20:29:30Z
van007,14.315921,121.001818,2025-05-12T20:30:00Z
van007,14.315151,121.001917,2025-05-12T20:30:30Z
van007,14.314206,121.002008,2025-05-12T20:31:00Z
van007,14.313468,121.002094,2025-05-12T20:31:30Z
van007,14.312537,121.002201,2025-05-12T20:32:00Z
van007,14.311757,121.002172,2025-05-12T20:32:30Z
van007,14.310948,121.002311,2025-05-12T20:33:00Z
van007,14.310133,121.002373,2025-05-12T20:33:30Z
van007,14.30921,121.002522,2025-05-12T20:34:00Z
van007,14.30846,121.002601,2025-05-12T20:34:30Z
van007,14.307662,121.002604,2025-05-12T20:35:00Z
van007,14.306803,121.002742,2025-05-12T20:35:30Z
van007,14.305881,121.002855,2025-05-12T20:36:00Z
van007,14.305135,121.002851,2025-05-12T20:36:30Z
van007,14.304316,121.002957,2025-05-12T20:37:00Z
van007,14.303359,121.003115,2025-05-12T20:37:30Z
van007,14.302559,121.003205,2025-05-12T20:38:00Z
van007,14.301789,121.003179,2025-05-12T20:38:30Z
van007,14.300863,121.003339,2025-05-12T20:39:00Z
van007,14.30007,121.003405,2025-05-12T20:39:30Z
van007,14.299266,121.003496,2025-05-12T20:40:00Z
van007,14.298387,121.003561,2025-05-12T20:40:30Z
van007,14.297599,121.003605,2025-05-12T20:41:00Z
van007,14.296715,121.003782,2025-05-12T20:41:30Z
van007,14.295854,121.003834,2025-05-12T20:42:00Z
van007,14.295049,121.003971,2025-05-12T20:42:30Z
van007,14.294235,121.003997,2025-05-12T20:43:00Z
van007,14.29348,121.004033,2025-05-12T20:43:30Z
van007,14.292591,121.004223,2025-05-12T20:44:00Z
van007,14.291784,121.004315,2025-05-12T20:44:30Z
van007,14.29089,121.004326,2025-05-12T20:45:00Z
van007,14.290113,121.00441,2025-05-12T20:45:30Z
van007,14.289187,121.004472,2025-05-12T20:46:00Z
van007,14.288414,121.004572,2025-05-12T20:46:30Z
van007,14.287534,121.004734,2025-05-12T20:47:00Z
van007,14.286815,121.004804,2025-05-12T20:47:30Z
van007,14.28585,121.00491,2025-05-12T20:48:00Z
van007,14.285046,121.004922,2025-05-12T20:48:30Z
van007,14.284219,121.005063,2025-05-12T20:49:00Z
van007,14.283339,121.005103,2025-05-12T20:49:30Z
van007,14.282585,121.005135,2025-05-12T20:50:00Z
van007,14.281759,121.005235,2025-05-12T20:50:30Z
van007,14.280921,121.005343,2025-05-12T20:51:00Z
van007,14.280113,121.005431,2025-05-12T20:51:30Z
van007,14.279297,121.005471,2025-05-12T20:52:00Z
van007,14.278369,121.005639,2025-05-12T20:52:30Z
van007,14.277558,121.005612,2025-05-12T20:53:00Z
van007,14.276715,121.005729,2025-05-12T20:53:30Z
van007,14.275957,121.005904,2025-05-12T20:54:00Z
van007,14.274997,121.006004,2025-05-12T20:54:30Z
van007,14.274285,121.006045,2025-05-12T20:55:00Z
van007,14.273344,121.00614,2025-05-12T20:55:30Z
van007,14.272529,121.006194,2025-05-12T20:56:00Z
van007,14.27167,121.006273,2025-05-12T20:56:30Z
van007,14.270929,121.006432,2025-05-12T20:57:00Z
van007,14.270126,121.006382,2025-05-12T20:57:30Z
van007,14.269234,121.006586,2025-05-12T20:58:00Z
van007,14.268379,121.006641,2025-05-12T20:58:30Z
van007,14.267503,121.006766,2025-05-12T20:59:00Z
van007,14.266676,121.006719,2025-05-12T20:59:30Z
van007,14.265834,121.006911,2025-05-12T21:00:00Z
van007,14.265051,121.006958,2025-05-12T21:00:30Z
van007,14.264189,121.007101,2025-05-12T21:01:00Z
van007,14.263366,121.007081,2025-05-12T21:01:30Z
van007,14.262588,121.007245,2025-05-12T21:02:00Z
van007,14.261698,121.007319,2025-05-12T21:02:30Z
van007,14.260829,121.007335,2025-05-12T21:03:00Z
van007,14.260097,121.007409,2025-05-12T21:03:30Z
van007,14.259173,121.00755,2025-05-12T21:04:00Z
van007,14.258384,121.007571,2025-05-12T21:04:30Z
van007,14.25756,121.007691,2025-05-12T21:05:00Z
van007,14.256678,121.007858,2025-05-12T21:05:30Z
van007,14.255853,121.007845,2025-05-12T21:06:00Z
van007,14.255003,121.007901,2025-05-12T21:06:30Z
van007,14.254265,121.00807,2025-05-12T21:07:00Z
van007,14.253318,121.008155,2025-05-12T21:07:30Z
van007,14.252525,121.00826,2025-05-12T21:08:00Z
van007,14.25168,121.008234,2025-05-12T21:08:30Z
van007,14.250884,121.008357,2025-05-12T21:09:00Z
van007,14.250014,121.008489,2025-05-12T21:09:30Z
van007,14.249147,121.00862,2025-05-12T21:10:00Z
van007,14.248373,121.008617,2025-05-12T21:10:30Z
van007,14.24751,121.008752,2025-05-12T21:11:00Z
van007,14.246756,121.008794,2025-05-12T21:11:30Z
van007,14.245808,121.00883,2025-05-12T21:12:00Z
van007,14.245113,121.009017,2025-05-12T21:12:30Z
van007,14.244256,121.008997,2025-05-12T21:13:00Z
van007,14.243395,121.009117,2025-05-12T21:13:30Z
van007,14.242554,121.009242,2025-05-12T21:14:00Z
van007,14.241753,121.009269,2025-05-12T21:14:30Z
van007,14.240811,121.009318,2025-05-12T21:15:00Z
van007,14.240032,121.009533,2025-05-12T21:15:30Z
van007,14.239264,121.009502,2025-05-12T21:16:00Z
van007,14.238347,121.00969,2025-05-12T21:16:30Z
van007,14.237532,121.009658,2025-05-12T21:17:00Z
van007,14.236714,121.009761,2025-05-12T21:17:30Z
van007,14.235854,121.009942,2025-05-12T21:18:00Z
van007,14.235062,121.009908,2025-05-12T21:18:30Z
van007,14.23416,121.010014,2025-05-12T21:19:00Z
van007,14.233336,121.0101,2025-05-12T21:19:30Z
van007,14.232466,121.010288,2025-05-12T21:20:00Z
van007,14.231663,121.010333,2025-05-12T21:20:30Z
van007,14.230853,121.010369,2025-05-12T21:21:00Z
van007,14.229968,121.010491,2025-05-12T21:21:30Z
van007,14.229145,121.010535,2025-05-12T21:22:00Z
van007,14.228419,121.010607,2025-05-12T21:22:30Z
van007,14.227548,121.01074,2025-05-12T21:23:00Z
van007,14.226738,121.010865,2025-05-12T21:23:30Z
van007,14.225902,121.010977,2025-05-12T21:24:00Z
van007,14.225034,121.010968,2025-05-12T21:24:30Z
van007,14.224252,121.01107,2025-05-12T21:25:00Z
van007,14.223343,121.011157,2025-05-12T21:25:30Z
van007,14.222499,121.011194,2025-05-12T21:26:00Z
van007,14.221748,121.011284,2025-05-12T21:26:30Z
van007,14.220793,121.011451,2025-05-12T21:27:00Z
van007,14.220027,121.011567,2025-05-12T21:27:30Z
van007,14.219261,121.011617,2025-05-12T21:28:00Z
van007,14.218297,121.011732,2025-05-12T21:28:30Z
van007,14.217487,121.011769,2025-05-12T21:29:00Z
van007,14.216747,121.011877,2025-05-12T21:29:30Z
van007,14.215924,121.011849,2025-05-12T21:30:00Z
van007,14.215069,121.011957,2025-05-12T21:30:30Z
van007,14.214164,121.012127,2025-05-12T21:31:00Z
van007,14.2134,121.012217,2025-05-12T21:31:30Z
van007,14.21253,121.012203,2025-05-12T21:32:00Z
van007,14.211711,121.012381,2025-05-12T21:32:30Z
van007,14.210781,121.012481,2025-05-12T21:33:00Z
van007,14.210079,121.012534,2025-05-12T21:33:30Z
van007,14.20919,121.012597,2025-05-12T21:34:00Z
van007,14.208417,121.012626,2025-05-12T21:34:30Z
van007,14.207511,121.012813,2025-05-12T21:35:00Z
van007,14.206677,121.012812,2025-05-12T21:35:30Z
van007,14.205806,121.012864,2025-05-12T21:36:00Z
van007,14.205014,121.012967,2025-05-12T21:36:30Z
van007,14.204236,121.013019,2025-05-12T21:37:00Z
van007,14.203289,121.013133,2025-05-12T21:37:30Z
van007,14.202568,121.013294,2025-05-12T21:38:00Z
van007,14.201649,121.013397,2025-05-12T21:38:30Z
van007,14.200853,121.013359,2025-05-12T21:39:00Z
van007,14.200046,121.013576,2025-05-12T21:39:30Z
van007,14.199224,121.01365,2025-05-12T21:40:00Z
van007,14.19832,121.013751,2025-05-12T21:40:30Z
van007,14.197489,121.013832,2025-05-12T21:41:00Z
van007,14.196641,121.013792,2025-05-12T21:41:30Z
van007,14.195787,121.013881,2025-05-12T21:42:00Z
van007,14.195044,121.014086,2025-05-12T21:42:30Z
van007,14.194189,121.014172,2025-05-12T21:43:00Z
van007,14.193401,121.014139,2025-05-12T21:43:30Z
van007,14.192562,121.0143,2025-05-12T21:44:00Z
van007,14.191626,121.014398,2025-05-12T21:44:30Z
van007,14.190785,121.014453,2025-05-12T21:45:00Z
van007,14.190025,121.014496,2025-05-12T21:45:30Z
van007,14.189197,121.014553,2025-05-12T21:46:00Z
van007,14.188394,121.014759,2025-05-12T21:46:30Z
van007,14.187567,121.014761,2025-05-12T21:47:00Z
van007,14.186594,121.01493,2025-05-12T21:47:30Z
van007,14.185888,121.01496,2025-05-12T21:48:00Z
van007,14.184953,121.015099,2025-05-12T21:48:30Z
van007,14.184222,121.015123,2025-05-12T21:49:00Z
van007,14.183361,121.015144,2025-05-12T21:49:30Z
van007,14.182561,121.015243,2025-05-12T21:50:00Z
van007,14.181713,121.015317,2025-05-12T21:50:30Z
van007,14.180853,121.015389,2025-05-12T21:51:00Z
van007,14.180045,121.015555,2025-05-12T21:51:30Z
van007,14.179121,121.015611,2025-05-12T21:52:00Z
van007,14.178259,121.015666,2025-05-12T21:52:30Z
van007,14.177431,121.015751,2025-05-12T21:53:00Z
van007,14.176637,121.015797,2025-05-12T21:53:30Z
van007,14.175887,121.01599,2025-05-12T21:54:00Z
van007,14.174984,121.016097,2025-05-12T21:54:30Z
van007,14.174158,121.016106,2025-05-12T21:55:00Z
van007,14.173314,121.016149,2025-05-12T21:55:30Z
van007,14.172505,121.016346,2025-05-12T21:56:00Z
van007,14.1716,121.016404,2025-05-12T21:56:30Z
van007,14.170865,121.016397,2025-05-12T21:57:00Z
van007,14.169955,121.016514,2025-05-12T21:57:30Z
van007,14.169086,121.016696,2025-05-12T21:58:00Z
van007,14.168295,121.016664,2025-05-12T21:58:30Z
van007,14.167486,121.016832,2025-05-12T21:59:00Z
van007,14.166586,121.01694,2025-05-12T21:59:30Z
van007,14.165827,121.01698,2025-05-12T22:00:00Z
van007,14.164909,121.017047,2025-05-12T22:00:30Z
van007,14.164094,121.0172,2025-05-12T22:01:00Z
van007,14.163259,121.017276,2025-05-12T22:01:30Z
van007,14.162432,121.017243,2025-05-12T22:02:00Z
van007,14.161669,121.01734,2025-05-12T22:02:30Z
van007,14.16084,121.017504,2025-05-12T22:03:00Z
van007,14.159941,121.01752,2025-05-12T22:03:30Z
van007,14.159074,121.0176,2025-05-12T22:04:00Z
van007,14.158353,121.017734,2025-05-12T22:04:30Z
van007,14.15745,121.017756,2025-05-12T22:05:00Z
van007,14.156607,121.017881,2025-05-12T22:05:30Z
van007,14.155817,121.018,2025-05-12T22:06:00Z
van007,14.1549,121.018015,2025-05-12T22:06:30Z
van007,14.154104,121.018095,2025-05-12T22:07:00Z
van007,14.15335,121.018166,2025-05-12T22:07:30Z
van007,14.152451,121.018284,2025-05-12T22:08:00Z
van007,14.151655,121.018395,2025-05-12T22:08:30Z
van007,14.150804,121.01842,2025-05-12T22:09:00Z
van007,14.15002,121.018518,2025-05-12T22:09:30Z
van007,14.149122,121.01863,2025-05-12T22:10:00Z
van007,14.148291,121.018698,2025-05-12T22:10:30Z
van007,14.147429,121.018777,2025-05-12T22:11:00Z
van007,14.146664,121.018837,2025-05-12T22:11:30Z
van007,14.145734,121.019011,2025-05-12T22:12:00Z
van007,14.144966,121.019047,2025-05-12T22:12:30Z
van007,14.144139,121.019224,2025-05-12T22:13:00Z
van007,14.143341,121.019246,2025-05-12T22:13:30Z
van007,14.142446,121.01937,2025-05-12T22:14:00Z
van007,14.141677,121.019412,2025-05-12T22:14:30Z
van007,14.140845,121.019487,2025-05-12T22:15:00Z
van007,14.139895,121.019572,2025-05-12T22:15:30Z
van007,14.139152,121.019719,2025-05-12T22:16:00Z
van007,14.138345,121.019744,2025-05-12T22:16:30Z
van007,14.137479,121.019872,2025-05-12T22:17:00Z
van007,14.136565,121.01993,2025-05-12T22:17:30Z
van007,14.135738,121.020034,2025-05-12T22:18:00Z
van007,14.135019,121.020152,2025-05-12T22:18:30Z
van007,14.134064,121.02021,2025-05-12T22:19:00Z
van007,14.133354,121.020237,2025-05-12T22:19:30Z
van007,14.132521,121.020323,2025-05-12T22:20:00Z
van007,14.131663,121.020436,2025-05-12T22:20:30Z
van007,14.13084,121.020465,2025-05-12T22:21:00Z
van007,14.129885,121.020647,2025-05-12T22:21:30Z
van007,14.129098,121.020653,2025-05-12T22:22:00Z
van007,14.128247,121.020728,2025-05-12T22:22:30Z
van007,14.127499,121.020832,2025-05-12T22:23:00Z
van007,14.126629,121.020965,2025-05-12T22:23:30Z
van007,14.125766,121.02101,2025-05-12T22:24:00Z
van007,14.124892,121.021078,2025-05-12T22:24:30Z
van007,14.124146,121.021188,2025-05-12T22:25:00Z
van007,14.123336,121.021324,2025-05-12T22:25:30Z
van007,14.122384,121.021352,2025-05-12T22:26:00Z
van007,14.121612,121.021396,2025-05-12T22:26:30Z
van007,14.12076,121.021488,2025-05-12T22:27:00Z
van007,14.119937,121.021578,2025-05-12T22:27:30Z
van007,14.119038,121.021696,2025-05-12T22:28:00Z
van007,14.11822,121.021731,2025-05-12T22:28:30Z
van007,14.117465,121.021864,2025-05-12T22:29:00Z
van007,14.116659,121.021864,2025-05-12T22:29:30Z
van007,14.115731,121.021992,2025-05-12T22:30:00Z
van007,14.114995,121.022137,2025-05-12T22:30:30Z
van007,14.114032,121.022244,2025-05-12T22:31:00Z
van007,14.113238,121.022316,2025-05-12T22:31:30Z
van007,14.112431,121.022321,2025-05-12T22:32:00Z
van007,14.111541,121.022467,2025-05-12T22:32:30Z
van007,14.110712,121.022576,2025-05-12T22:33:00Z
van007,14.109922,121.022676,2025-05-12T22:33:30Z
van007,14.109063,121.022738,2025-05-12T22:34:00Z
van007,14.108283,121.022762,2025-05-12T22:34:30Z
van007,14.107387,121.022812,2025-05-12T22:35:00Z
van007,14.106629,121.022991,2025-05-12T22:35:30Z
van007,14.105813,121.023065,2025-05-12T22:36:00Z
van007,14.104928,121.023159,2025-05-12T22:36:30Z
van007,14.104065,121.023145,2025-05-12T22:37:00Z
van007,14.103206,121.02328,2025-05-12T22:37:30Z
van007,14.102479,121.023416,2025-05-12T22:38:00Z
van007,14.101546,121.023378,2025-05-12T22:38:30Z
van007,14.100805,121.023581,2025-05-12T22:39:00Z
van007,14.099916,121.023579,2025-05-12T22:39:30Z
van007,14.099117,121.023762,2025-05-12T22:40:00Z
van007,14.098301,121.023751,2025-05-12T22:40:30Z
van007,14.097439,121.023869,2025-05-12T22:41:00Z
van007,14.096518,121.023897,2025-05-12T22:41:30Z
van007,14.095765,121.024018,2025-05-12T22:42:00Z
van007,14.094971,121.024073,2025-05-12T22:42:30Z
van007,14.094062,121.024218,2025-05-12T22:43:00Z
van007,14.093307,121.02424,2025-05-12T22:43:30Z
van007,14.092443,121.024411,2025-05-12T22:44:00Z
van007,14.091565,121.024426,2025-05-12T22:44:30Z
van007,14.090758,121.024492,2025-05-12T22:45:00Z
van007,14.089965,121.024695,2025-05-12T22:45:30Z
van007,14.089105,121.024732,2025-05-12T22:46:00Z
van007,14.088233,121.02476,2025-05-12T22:46:30Z
van007,14.087452,121.024808,2025-05-12T22:47:00Z
van007,14.086507,121.025003,2025-05-12T22:47:30Z
van007,14.085765,121.025108,2025-05-12T22:48:00Z
van007,14.084839,121.025146,2025-05-12T22:48:30Z
van007,14.084119,121.025179,2025-05-12T22:49:00Z
van007,14.083309,121.025271,2025-05-12T22:49:30Z
van007,14.082396,121.025405,2025-05-12T22:50:00Z
van007,14.081552,121.02545,2025-05-12T22:50:30Z
van007,14.080734,121.025516,2025-05-12T22:51:00Z
van007,14.079952,121.025663,2025-05-12T22:51:30Z
van007,14.079014,121.025705,2025-05-12T22:52:00Z
van007,14.07826,121.025807,2025-05-12T22:52:30Z
van007,14.077385,121.02594,2025-05-12T22:53:00Z
van007,14.076585,121.025995,2025-05-12T22:53:30Z
van007,14.075679,121.026028,2025-05-12T22:54:00Z
van007,14.074971,121.026077,2025-05-12T22:54:30Z
van007,14.074119,121.026247,2025-05-12T22:55:00Z
van007,14.073263,121.026275,2025-05-12T22:55:30Z
van007,14.07237,121.026452,2025-05-12T22:56:00Z
van007,14.071603,121.026426,2025-05-12T22:56:30Z
van007,14.070775,121.026622,2025-05-12T22:57:00Z
van007,14.069911,121.026692,2025-05-12T22:57:30Z
van007,14.069089,121.026755,2025-05-12T22:58:00Z
van007,14.068251,121.026848,2025-05-12T22:58:30Z
van007,14.06736,121.026973,2025-05-12T22:59:00Z
van007,14.066545,121.026971,2025-05-12T22:59:30Z
van007,14.065757,121.026999,2025-05-12T23:00:00Z
van007,14.064848,121.027163,2025-05-12T23:00:30Z
van007,14.064019,121.02727,2025-05-12T23:01:00Z
van007,14.063266,121.027325,2025-05-12T23:01:30Z
van007,14.062415,121.027465,2025-05-12T23:02:00Z
van007,14.061606,121.02749,2025-05-12T23:02:30Z
van007,14.060777,121.027623,2025-05-12T23:03:00Z
van007,14.05983,121.02761,2025-05-12T23:03:30Z
van007,14.05902,121.027686,2025-05-12T23:04:00Z
van007,14.058258,121.027871,2025-05-12T23:04:30Z
van007,14.057412,121.027862,2025-05-12T23:05:00Z
van007,14.056493,121.027969,2025-05-12T23:05:30Z
van007,14.055753,121.028056,2025-05-12T23:06:00Z
van007,14.054926,121.028133,2025-05-12T23:06:30Z
van007,14.054016,121.028221,2025-05-12T23:07:00Z
van007,14.053267,121.0283,2025-05-12T23:07:30Z
van007,14.052435,121.02841,2025-05-12T23:08:00Z
van007,14.051612,121.028511,2025-05-12T23:08:30Z
van007,14.05077,121.028519,2025-05-12T23:09:00Z
van007,14.049933,121.028667,2025-05-12T23:09:30Z
van007,14.049017,121.028734,2025-05-12T23:10:00Z
van007,14.048263,121.028769,2025-05-12T23:10:30Z
van007,14.047335,121.028866,2025-05-12T23:11:00Z
van007,14.046554,121.02899,2025-05-12T23:11:30Z
van007,14.045704,121.029148,2025-05-12T23:12:00Z
van007,14.044907,121.029145,2025-05-12T23:12:30Z
van007,14.04404,121.029298,2025-05-12T23:13:00Z
van007,14.043161,121.02936,2025-05-12T23:13:30Z
van007,14.042302,121.029445,2025-05-12T23:14:00Z
van007,14.041577,121.029475,2025-05-12T23:14:30Z
van007,14.040744,121.029544,2025-05-12T23:15:00Z
van007,14.039909,121.029676,2025-05-12T23:15:30Z
van007,14.039054,121.0297,2025-05-12T23:16:00Z
van007,14.03819,121.029866,2025-05-12T23:16:30Z
van007,14.037353,121.029999,2025-05-12T23:17:00Z
van007,14.036492,121.029946,2025-05-12T23:17:30Z
van007,14.035631,121.030079,2025-05-12T23:18:00Z
van007,14.034915,121.030156,2025-05-12T23:18:30Z
van007,14.034059,121.030221,2025-05-12T23:19:00Z
van007,14.033163,121.03037,2025-05-12T23:19:30Z
van007,14.032343,121.030464,2025-05-12T23:20:00Z
van007,14.031514,121.030464,2025-05-12T23:20:30Z
van007,14.030649,121.030617,2025-05-12T23:21:00Z
van007,14.029834,121.030736,2025-05-12T23:21:30Z
van007,14.029062,121.030741,2025-05-12T23:22:00Z
van007,14.028172,121.03087,2025-05-12T23:22:30Z
van007,14.027432,121.030998,2025-05-12T23:23:00Z
van007,14.026585,121.031001,2025-05-12T23:23:30Z
van007,14.025648,121.031088,2025-05-12T23:24:00Z
van007,14.024919,121.031259,2025-05-12T23:24:30Z
van007,14.023986,121.031263,2025-05-12T23:25:00Z
van007,14.023138,121.031395,2025-05-12T23:25:30Z
van007,14.02237,121.03148,2025-05-12T23:26:00Z
van007,14.021504,121.03148,2025-05-12T23:26:30Z
van007,14.020622,121.031636,2025-05-12T23:27:00Z
van007,14.01982,121.031754,2025-05-12T23:27:30Z
van007,14.018956,121.031787,2025-05-12T23:28:00Z
van007,14.01821,121.03194,2025-05-12T23:28:30Z
van007,14.017284,121.031973,2025-05-12T23:29:00Z
van007,14.016507,121.032063,2025-05-12T23:29:30Z
van007,14.015691,121.032101,2025-05-12T23:30:00Z
van007,14.014801,121.032199,2025-05-12T23:30:30Z
van007,14.014035,121.032316,2025-05-12T23:31:00Z
van007,14.013206,121.032342,2025-05-12T23:31:30Z
van007,14.012315,121.03248,2025-05-12T23:32:00Z
van007,14.011462,121.032555,2025-05-12T23:32:30Z
van007,14.010624,121.032673,2025-05-12T23:33:00Z
van007,14.009791,121.03274,2025-05-12T23:33:30Z
van007,14.008956,121.032735,2025-05-12T23:34:00Z
van007,14.008135,121.032832,2025-05-12T23:34:30Z
van007,14.007348,121.032925,2025-05-12T23:35:00Z
van007,14.006539,121.033001,2025-05-12T23:35:30Z
van007,14.00561,121.033099,2025-05-12T23:36:00Z
van007,14.0048,121.033213,2025-05-12T23:36:30Z
van007,14.003984,121.033362,2025-05-12T23:37:00Z
van007,14.003199,121.033308,2025-05-12T23:37:30Z
van007,14.002388,121.033526,2025-05-12T23:38:00Z
van007,14.001456,121.033575,2025-05-12T23:38:30Z
van007,14.000674,121.033573,2025-05-12T23:39:00Z
van007,13.999781,121.033751,2025-05-12T23:39:30Z
van007,13.998965,121.033766,2025-05-12T23:40:00Z
van007,13.998141,121.033959,2025-05-12T23:40:30Z
van007,13.997278,121.033965,2025-05-12T23:41:00Z
van007,13.996436,121.034007,2025-05-12T23:41:30Z
van007,13.995711,121.034108,2025-05-12T23:42:00Z
van007,13.994868,121.034196,2025-05-12T23:42:30Z
van007,13.994037,121.034247,2025-05-12T23:43:00Z
van007,13.993216,121.034324,2025-05-12T23:43:30Z
van007,13.992284,121.0345,2025-05-12T23:44:00Z
van007,13.991489,121.034539,2025-05-12T23:44:30Z
van007,13.990718,121.034662,2025-05-12T23:45:00Z
van007,13.989875,121.034668,2025-05-12T23:45:30Z
van007,13.988981,121.034766,2025-05-12T23:46:00Z
van007,13.988129,121.034965,2025-05-12T23:46:30Z
van007,13.987378,121.034964,2025-05-12T23:47:00Z
van007,13.986515,121.03511,2025-05-12T23:47:30Z
van007,13.985604,121.035193,2025-05-12T23:48:00Z
van007,13.984762,121.035263,2025-05-12T23:48:30Z
van007,13.983942,121.035383,2025-05-12T23:49:00Z
van007,13.98317,121.035389,2025-05-12T23:49:30Z
van007,13.982349,121.035531,2025-05-12T23:50:00Z
van007,13.981472,121.035523,2025-05-12T23:50:30Z
van007,13.980587,121.035633,2025-05-12T23:51:00Z
van007,13.97987,121.035766,2025-05-12T23:51:30Z
van007,13.978934,121.035893,2025-05-12T23:52:00Z
van007,13.978097,121.035969,2025-05-12T23:52:30Z
van007,13.977254,121.035978,2025-05-12T23:53:00Z
van007,13.976458,121.03604,2025-05-12T23:53:30Z
van007,13.975677,121.03619,2025-05-12T23:54:00Z
van007,13.974828,121.036283,2025-05-12T23:54:30Z
van007,13.974052,121.036338,2025-05-12T23:55:00Z
van007,13.973126,121.036437,2025-05-12T23:55:30Z
van007,13.972344,121.0365,2025-05-12T23:56:00Z
van007,13.971504,121.03652,2025-05-12T23:56:30Z
van007,13.970625,121.036627,2025-05-12T23:57:00Z
van007,13.969796,121.036775,2025-05-12T23:57:30Z
van007,13.968987,121.036883,2025-05-12T23:58:00Z
van007,13.968081,121.03699,2025-05-12T23:58:30Z
van007,13.967261,121.037023,2025-05-12T23:59:00Z
van007,13.966527,121.037137,2025-05-12T23:59:30Z
